{"env_runners": {"episode_reward_max": 307.0, "episode_reward_min": 80.0, "episode_reward_mean": 131.63555555555556, "episode_len_mean": 2000.0, "episode_media": {}, "episodes_this_iter": 225, "episodes_timesteps_total": 450000, "policy_reward_min": {"player_0": 2.0, "player_1": 0.0, "player_2": 0.0, "player_3": 0.0, "player_4": 0.0, "player_5": 5.0, "player_6": 11.0}, "policy_reward_max": {"player_0": 67.0, "player_1": 46.0, "player_2": 28.0, "player_3": 13.0, "player_4": 46.0, "player_5": 102.0, "player_6": 109.0}, "policy_reward_mean": {"player_0": 15.755555555555556, "player_1": 16.57777777777778, "player_2": 6.737777777777778, "player_3": 0.7111111111111111, "player_4": 5.195555555555556, "player_5": 39.19555555555556, "player_6": 47.46222222222222}, "custom_metrics": {}, "hist_stats": {"episode_reward": [119.0, 174.0, 103.0, 103.0, 121.0, 125.0, 103.0, 106.0, 111.0, 107.0, 108.0, 84.0, 93.0, 106.0, 96.0, 111.0, 121.0, 123.0, 98.0, 124.0, 115.0, 104.0, 125.0, 168.0, 119.0, 116.0, 109.0, 117.0, 124.0, 121.0, 125.0, 128.0, 124.0, 107.0, 137.0, 95.0, 163.0, 130.0, 151.0, 144.0, 101.0, 137.0, 107.0, 168.0, 137.0, 120.0, 140.0, 85.0, 145.0, 110.0, 198.0, 227.0, 128.0, 108.0, 107.0, 132.0, 153.0, 113.0, 121.0, 170.0, 102.0, 122.0, 174.0, 108.0, 146.0, 150.0, 146.0, 120.0, 163.0, 136.0, 89.0, 129.0, 182.0, 99.0, 146.0, 109.0, 95.0, 139.0, 105.0, 161.0, 100.0, 107.0, 141.0, 206.0, 89.0, 132.0, 127.0, 109.0, 141.0, 111.0, 131.0, 100.0, 132.0, 115.0, 92.0, 88.0, 188.0, 118.0, 109.0, 110.0, 104.0, 105.0, 181.0, 160.0, 156.0, 99.0, 174.0, 177.0, 89.0, 195.0, 149.0, 155.0, 178.0, 190.0, 118.0, 114.0, 147.0, 178.0, 110.0, 177.0, 147.0, 99.0, 138.0, 137.0, 121.0, 106.0, 179.0, 153.0, 99.0, 123.0, 161.0, 134.0, 132.0, 161.0, 225.0, 117.0, 109.0, 80.0, 111.0, 84.0, 187.0, 115.0, 116.0, 113.0, 114.0, 116.0, 140.0, 87.0, 117.0, 118.0, 122.0, 119.0, 91.0, 132.0, 132.0, 123.0, 171.0, 131.0, 131.0, 115.0, 168.0, 105.0, 126.0, 131.0, 166.0, 136.0, 112.0, 99.0, 132.0, 124.0, 168.0, 132.0, 125.0, 206.0, 171.0, 128.0, 128.0, 183.0, 131.0, 121.0, 121.0, 125.0, 117.0, 145.0, 192.0, 90.0, 107.0, 196.0, 157.0, 206.0, 109.0, 98.0, 142.0, 151.0, 155.0, 122.0, 142.0, 122.0, 122.0, 107.0, 147.0, 133.0, 136.0, 94.0, 174.0, 224.0, 181.0, 95.0, 128.0, 152.0, 117.0, 112.0, 115.0, 122.0, 148.0, 145.0, 135.0, 103.0, 91.0, 164.0, 111.0, 112.0, 154.0, 106.0, 307.0], "episode_lengths": [2000, 2000, 2000, 2000, 2000, 2000, 2000, 2000, 2000, 2000, 2000, 2000, 2000, 2000, 2000, 2000, 2000, 2000, 2000, 2000, 2000, 2000, 2000, 2000, 2000, 2000, 2000, 2000, 2000, 2000, 2000, 2000, 2000, 2000, 2000, 2000, 2000, 2000, 2000, 2000, 2000, 2000, 2000, 2000, 2000, 2000, 2000, 2000, 2000, 2000, 2000, 2000, 2000, 2000, 2000, 2000, 2000, 2000, 2000, 2000, 2000, 2000, 2000, 2000, 2000, 2000, 2000, 2000, 2000, 2000, 2000, 2000, 2000, 2000, 2000, 2000, 2000, 2000, 2000, 2000, 2000, 2000, 2000, 2000, 2000, 2000, 2000, 2000, 2000, 2000, 2000, 2000, 2000, 2000, 2000, 2000, 2000, 2000, 2000, 2000, 2000, 2000, 2000, 2000, 2000, 2000, 2000, 2000, 2000, 2000, 2000, 2000, 2000, 2000, 2000, 2000, 2000, 2000, 2000, 2000, 2000, 2000, 2000, 2000, 2000, 2000, 2000, 2000, 2000, 2000, 2000, 2000, 2000, 2000, 2000, 2000, 2000, 2000, 2000, 2000, 2000, 2000, 2000, 2000, 2000, 2000, 2000, 2000, 2000, 2000, 2000, 2000, 2000, 2000, 2000, 2000, 2000, 2000, 2000, 2000, 2000, 2000, 2000, 2000, 2000, 2000, 2000, 2000, 2000, 2000, 2000, 2000, 2000, 2000, 2000, 2000, 2000, 2000, 2000, 2000, 2000, 2000, 2000, 2000, 2000, 2000, 2000, 2000, 2000, 2000, 2000, 2000, 2000, 2000, 2000, 2000, 2000, 2000, 2000, 2000, 2000, 2000, 2000, 2000, 2000, 2000, 2000, 2000, 2000, 2000, 2000, 2000, 2000, 2000, 2000, 2000, 2000, 2000, 2000, 2000, 2000, 2000, 2000, 2000, 2000], "policy_player_0_reward": [15.0, 12.0, 11.0, 11.0, 5.0, 11.0, 9.0, 18.0, 9.0, 17.0, 14.0, 9.0, 8.0, 11.0, 6.0, 14.0, 13.0, 20.0, 6.0, 17.0, 5.0, 12.0, 8.0, 24.0, 12.0, 29.0, 6.0, 12.0, 18.0, 27.0, 15.0, 18.0, 6.0, 12.0, 25.0, 9.0, 19.0, 25.0, 18.0, 29.0, 15.0, 9.0, 26.0, 32.0, 19.0, 10.0, 12.0, 5.0, 13.0, 7.0, 26.0, 21.0, 13.0, 13.0, 18.0, 19.0, 7.0, 9.0, 8.0, 13.0, 11.0, 19.0, 41.0, 22.0, 32.0, 6.0, 6.0, 11.0, 13.0, 32.0, 7.0, 14.0, 49.0, 13.0, 24.0, 20.0, 12.0, 25.0, 12.0, 17.0, 5.0, 13.0, 11.0, 30.0, 9.0, 9.0, 11.0, 8.0, 23.0, 4.0, 10.0, 12.0, 11.0, 18.0, 10.0, 9.0, 23.0, 23.0, 11.0, 10.0, 20.0, 9.0, 27.0, 2.0, 7.0, 5.0, 5.0, 6.0, 15.0, 18.0, 9.0, 11.0, 29.0, 18.0, 14.0, 10.0, 23.0, 29.0, 24.0, 12.0, 10.0, 6.0, 23.0, 14.0, 8.0, 16.0, 32.0, 13.0, 16.0, 14.0, 11.0, 23.0, 24.0, 30.0, 20.0, 12.0, 16.0, 14.0, 13.0, 8.0, 10.0, 17.0, 24.0, 10.0, 12.0, 7.0, 14.0, 10.0, 19.0, 18.0, 10.0, 12.0, 9.0, 6.0, 17.0, 13.0, 14.0, 21.0, 22.0, 9.0, 29.0, 12.0, 8.0, 14.0, 32.0, 13.0, 9.0, 11.0, 18.0, 40.0, 4.0, 22.0, 10.0, 32.0, 4.0, 14.0, 19.0, 20.0, 14.0, 11.0, 27.0, 16.0, 26.0, 31.0, 18.0, 20.0, 14.0, 16.0, 23.0, 24.0, 25.0, 15.0, 8.0, 22.0, 20.0, 14.0, 13.0, 25.0, 10.0, 11.0, 23.0, 12.0, 18.0, 8.0, 11.0, 47.0, 17.0, 23.0, 9.0, 11.0, 11.0, 10.0, 15.0, 16.0, 11.0, 15.0, 26.0, 16.0, 11.0, 12.0, 17.0, 16.0, 7.0, 6.0, 67.0], "policy_player_1_reward": [15.0, 16.0, 17.0, 10.0, 14.0, 16.0, 23.0, 9.0, 16.0, 18.0, 8.0, 6.0, 8.0, 14.0, 17.0, 19.0, 16.0, 15.0, 8.0, 0.0, 10.0, 8.0, 18.0, 18.0, 11.0, 9.0, 13.0, 24.0, 6.0, 11.0, 17.0, 9.0, 12.0, 8.0, 11.0, 13.0, 18.0, 15.0, 9.0, 11.0, 3.0, 21.0, 23.0, 15.0, 8.0, 21.0, 17.0, 13.0, 11.0, 20.0, 17.0, 40.0, 24.0, 16.0, 7.0, 17.0, 28.0, 6.0, 10.0, 15.0, 15.0, 14.0, 14.0, 7.0, 23.0, 32.0, 23.0, 12.0, 29.0, 23.0, 15.0, 22.0, 21.0, 18.0, 16.0, 8.0, 7.0, 13.0, 19.0, 16.0, 16.0, 11.0, 20.0, 26.0, 8.0, 19.0, 13.0, 9.0, 5.0, 25.0, 20.0, 9.0, 8.0, 15.0, 13.0, 13.0, 27.0, 12.0, 13.0, 37.0, 13.0, 5.0, 23.0, 25.0, 12.0, 19.0, 43.0, 27.0, 7.0, 46.0, 22.0, 16.0, 16.0, 29.0, 12.0, 13.0, 16.0, 16.0, 17.0, 23.0, 25.0, 12.0, 16.0, 28.0, 18.0, 18.0, 19.0, 21.0, 18.0, 24.0, 17.0, 17.0, 13.0, 22.0, 32.0, 23.0, 13.0, 12.0, 11.0, 13.0, 31.0, 27.0, 15.0, 13.0, 15.0, 18.0, 14.0, 8.0, 27.0, 3.0, 14.0, 12.0, 19.0, 22.0, 20.0, 15.0, 21.0, 25.0, 5.0, 16.0, 9.0, 13.0, 8.0, 18.0, 24.0, 12.0, 24.0, 22.0, 10.0, 13.0, 28.0, 9.0, 14.0, 23.0, 28.0, 16.0, 20.0, 30.0, 38.0, 18.0, 14.0, 5.0, 10.0, 3.0, 17.0, 7.0, 20.0, 35.0, 16.0, 10.0, 22.0, 10.0, 33.0, 20.0, 15.0, 16.0, 29.0, 16.0, 20.0, 13.0, 22.0, 12.0, 15.0, 7.0, 18.0, 20.0, 5.0, 21.0, 20.0, 12.0, 5.0, 13.0, 20.0, 25.0, 27.0, 5.0, 16.0, 8.0, 11.0, 21.0, 12.0, 11.0, 24.0, 16.0, 30.0], "policy_player_2_reward": [5.0, 1.0, 0.0, 0.0, 0.0, 1.0, 1.0, 0.0, 1.0, 4.0, 0.0, 8.0, 14.0, 7.0, 9.0, 8.0, 12.0, 7.0, 10.0, 0.0, 0.0, 6.0, 1.0, 8.0, 12.0, 5.0, 9.0, 10.0, 11.0, 1.0, 0.0, 5.0, 6.0, 3.0, 4.0, 9.0, 2.0, 5.0, 9.0, 17.0, 13.0, 5.0, 4.0, 6.0, 2.0, 12.0, 17.0, 1.0, 8.0, 3.0, 2.0, 15.0, 4.0, 0.0, 2.0, 3.0, 4.0, 8.0, 10.0, 19.0, 0.0, 11.0, 21.0, 0.0, 7.0, 5.0, 23.0, 6.0, 18.0, 7.0, 1.0, 8.0, 5.0, 0.0, 4.0, 13.0, 5.0, 14.0, 4.0, 19.0, 0.0, 8.0, 5.0, 10.0, 4.0, 0.0, 1.0, 0.0, 8.0, 1.0, 2.0, 1.0, 16.0, 0.0, 6.0, 3.0, 4.0, 5.0, 17.0, 5.0, 0.0, 16.0, 2.0, 20.0, 3.0, 11.0, 1.0, 10.0, 1.0, 8.0, 7.0, 0.0, 5.0, 15.0, 2.0, 8.0, 0.0, 27.0, 0.0, 17.0, 12.0, 0.0, 17.0, 8.0, 3.0, 6.0, 18.0, 12.0, 4.0, 0.0, 0.0, 12.0, 12.0, 0.0, 10.0, 5.0, 1.0, 0.0, 0.0, 4.0, 19.0, 0.0, 20.0, 6.0, 0.0, 14.0, 6.0, 0.0, 1.0, 6.0, 10.0, 3.0, 0.0, 5.0, 3.0, 16.0, 25.0, 1.0, 2.0, 1.0, 3.0, 1.0, 5.0, 7.0, 6.0, 1.0, 0.0, 0.0, 5.0, 4.0, 10.0, 0.0, 2.0, 11.0, 9.0, 1.0, 10.0, 16.0, 7.0, 4.0, 1.0, 13.0, 1.0, 5.0, 1.0, 3.0, 8.0, 14.0, 8.0, 13.0, 12.0, 7.0, 14.0, 1.0, 7.0, 2.0, 9.0, 1.0, 1.0, 0.0, 3.0, 23.0, 14.0, 1.0, 19.0, 17.0, 12.0, 2.0, 13.0, 14.0, 6.0, 3.0, 2.0, 1.0, 1.0, 24.0, 0.0, 15.0, 12.0, 27.0, 1.0, 1.0, 16.0, 7.0, 28.0],