{"env_runners": {"episode_reward_max": 753.0, "episode_reward_min": 110.0, "episode_reward_mean": 498.18666666666667, "episode_len_mean": 2000.0, "episode_media": {}, "episodes_this_iter": 225, "episodes_timesteps_total": 450000, "policy_reward_min": {"player_0": 15.0, "player_1": 8.0, "player_2": 0.0, "player_3": 0.0, "player_4": 0.0, "player_5": 10.0, "player_6": 17.0}, "policy_reward_max": {"player_0": 176.0, "player_1": 235.0, "player_2": 126.0, "player_3": 46.0, "player_4": 92.0, "player_5": 184.0, "player_6": 171.0}, "policy_reward_mean": {"player_0": 84.66666666666667, "player_1": 115.70666666666666, "player_2": 64.78222222222222, "player_3": 8.79111111111111, "player_4": 33.888888888888886, "player_5": 107.75555555555556, "player_6": 82.59555555555555}, "custom_metrics": {}, "hist_stats": {"episode_reward": [169.0, 192.0, 261.0, 218.0, 209.0, 260.0, 149.0, 251.0, 149.0, 162.0, 415.0, 188.0, 190.0, 110.0, 171.0, 286.0, 236.0, 246.0, 259.0, 209.0, 268.0, 178.0, 575.0, 496.0, 560.0, 225.0, 422.0, 571.0, 611.0, 510.0, 548.0, 475.0, 490.0, 513.0, 676.0, 617.0, 608.0, 557.0, 274.0, 466.0, 623.0, 559.0, 551.0, 367.0, 634.0, 647.0, 630.0, 550.0, 581.0, 435.0, 535.0, 446.0, 298.0, 512.0, 578.0, 658.0, 638.0, 544.0, 584.0, 590.0, 353.0, 500.0, 629.0, 649.0, 593.0, 420.0, 623.0, 446.0, 653.0, 468.0, 453.0, 549.0, 529.0, 452.0, 281.0, 338.0, 389.0, 240.0, 608.0, 572.0, 632.0, 527.0, 183.0, 610.0, 642.0, 625.0, 318.0, 633.0, 663.0, 533.0, 637.0, 343.0, 505.0, 498.0, 384.0, 556.0, 371.0, 513.0, 509.0, 584.0, 693.0, 495.0, 532.0, 652.0, 456.0, 458.0, 601.0, 450.0, 495.0, 536.0, 469.0, 753.0, 594.0, 434.0, 697.0, 645.0, 515.0, 548.0, 442.0, 640.0, 516.0, 524.0, 529.0, 538.0, 624.0, 383.0, 527.0, 430.0, 566.0, 578.0, 582.0, 418.0, 409.0, 530.0, 619.0, 338.0, 566.0, 672.0, 639.0, 536.0, 629.0, 493.0, 709.0, 644.0, 243.0, 678.0, 570.0, 649.0, 673.0, 543.0, 614.0, 273.0, 428.0, 526.0, 462.0, 586.0, 595.0, 635.0, 445.0, 684.0, 650.0, 498.0, 431.0, 373.0, 601.0, 488.0, 571.0, 511.0, 543.0, 446.0, 649.0, 223.0, 562.0, 654.0, 440.0, 387.0, 355.0, 604.0, 702.0, 441.0, 589.0, 624.0, 462.0, 637.0, 579.0, 550.0, 670.0, 589.0, 529.0, 495.0, 633.0, 243.0, 590.0, 680.0, 589.0, 572.0, 172.0, 487.0, 660.0, 573.0, 696.0, 368.0, 547.0, 662.0, 345.0, 538.0, 592.0, 635.0, 471.0, 698.0, 528.0, 516.0, 545.0, 682.0, 410.0, 389.0, 541.0, 514.0, 437.0, 545.0, 426.0, 705.0, 405.0, 611.0, 585.0], "episode_lengths": [2000, 2000, 2000, 2000, 2000, 2000, 2000, 2000, 2000, 2000, 2000, 2000, 2000, 2000, 2000, 2000, 2000, 2000, 2000, 2000, 2000, 2000, 2000, 2000, 2000, 2000, 2000, 2000, 2000, 2000, 2000, 2000, 2000, 2000, 2000, 2000, 2000, 2000, 2000, 2000, 2000, 2000, 2000, 2000, 2000, 2000, 2000, 2000, 2000, 2000, 2000, 2000, 2000, 2000, 2000, 2000, 2000, 2000, 2000, 2000, 2000, 2000, 2000, 2000, 2000, 2000, 2000, 2000, 2000, 2000, 2000, 2000, 2000, 2000, 2000, 2000, 2000, 2000, 2000, 2000, 2000, 2000, 2000, 2000, 2000, 2000, 2000, 2000, 2000, 2000, 2000, 2000, 2000, 2000, 2000, 2000, 2000, 2000, 2000, 2000, 2000, 2000, 2000, 2000, 2000, 2000, 2000, 2000, 2000, 2000, 2000, 2000, 2000, 2000, 2000, 2000, 2000, 2000, 2000, 2000, 2000, 2000, 2000, 2000, 2000, 2000, 2000, 2000, 2000, 2000, 2000, 2000, 2000, 2000, 2000, 2000, 2000, 2000, 2000, 2000, 2000, 2000, 2000, 2000, 2000, 2000, 2000, 2000, 2000, 2000, 2000, 2000, 2000, 2000, 2000, 2000, 2000, 2000, 2000, 2000, 2000, 2000, 2000, 2000, 2000, 2000, 2000, 2000, 2000, 2000, 2000, 2000, 2000, 2000, 2000, 2000, 2000, 2000, 2000, 2000, 2000, 2000, 2000, 2000, 2000, 2000, 2000, 2000, 2000, 2000, 2000, 2000, 2000, 2000, 2000, 2000, 2000, 2000, 2000, 2000, 2000, 2000, 2000, 2000, 2000, 2000, 2000, 2000, 2000, 2000, 2000, 2000, 2000, 2000, 2000, 2000, 2000, 2000, 2000, 2000, 2000, 2000, 2000, 2000, 2000], "policy_player_0_reward": [32.0, 15.0, 38.0, 54.0, 47.0, 20.0, 19.0, 30.0, 21.0, 31.0, 78.0, 23.0, 20.0, 23.0, 16.0, 18.0, 26.0, 17.0, 31.0, 58.0, 57.0, 33.0, 65.0, 142.0, 110.0, 17.0, 27.0, 97.0, 122.0, 112.0, 139.0, 67.0, 100.0, 97.0, 143.0, 108.0, 87.0, 112.0, 62.0, 88.0, 161.0, 104.0, 147.0, 66.0, 138.0, 69.0, 122.0, 69.0, 79.0, 39.0, 112.0, 57.0, 33.0, 45.0, 58.0, 135.0, 116.0, 50.0, 52.0, 83.0, 67.0, 103.0, 107.0, 123.0, 71.0, 48.0, 101.0, 66.0, 79.0, 73.0, 26.0, 61.0, 55.0, 105.0, 44.0, 34.0, 45.0, 42.0, 121.0, 90.0, 129.0, 94.0, 46.0, 119.0, 139.0, 112.0, 81.0, 77.0, 132.0, 47.0, 176.0, 68.0, 85.0, 58.0, 60.0, 135.0, 77.0, 67.0, 135.0, 103.0, 102.0, 74.0, 85.0, 133.0, 42.0, 45.0, 91.0, 133.0, 116.0, 102.0, 67.0, 167.0, 101.0, 141.0, 159.0, 122.0, 83.0, 94.0, 93.0, 149.0, 68.0, 120.0, 109.0, 133.0, 110.0, 89.0, 65.0, 92.0, 113.0, 132.0, 113.0, 54.0, 47.0, 91.0, 84.0, 43.0, 100.0, 159.0, 67.0, 61.0, 106.0, 82.0, 117.0, 48.0, 52.0, 55.0, 102.0, 69.0, 141.0, 101.0, 103.0, 70.0, 85.0, 76.0, 35.0, 77.0, 97.0, 141.0, 69.0, 148.0, 149.0, 77.0, 63.0, 65.0, 128.0, 88.0, 164.0, 49.0, 114.0, 59.0, 116.0, 27.0, 70.0, 159.0, 47.0, 51.0, 47.0, 91.0, 107.0, 84.0, 91.0, 136.0, 89.0, 126.0, 97.0, 82.0, 76.0, 131.0, 99.0, 37.0, 91.0, 53.0, 98.0, 107.0, 93.0, 97.0, 38.0, 66.0, 86.0, 85.0, 118.0, 50.0, 141.0, 95.0, 53.0, 90.0, 67.0, 134.0, 84.0, 105.0, 64.0, 104.0, 123.0, 93.0, 105.0, 28.0, 110.0, 72.0, 81.0, 37.0, 143.0, 99.0, 51.0, 116.0, 93.0], "policy_player_1_reward": [8.0, 49.0, 48.0, 11.0, 26.0, 24.0, 13.0, 27.0, 22.0, 14.0, 38.0, 27.0, 11.0, 22.0, 34.0, 43.0, 33.0, 53.0, 48.0, 15.0, 37.0, 28.0, 183.0, 63.0, 148.0, 47.0, 61.0, 140.0, 197.0, 37.0, 137.0, 98.0, 103.0, 77.0, 194.0, 142.0, 169.0, 143.0, 57.0, 86.0, 108.0, 107.0, 71.0, 108.0, 135.0, 219.0, 182.0, 109.0, 145.0, 101.0, 73.0, 117.0, 77.0, 132.0, 154.0, 150.0, 194.0, 208.0, 146.0, 195.0, 84.0, 117.0, 170.0, 185.0, 181.0, 84.0, 165.0, 102.0, 178.0, 64.0, 111.0, 147.0, 159.0, 107.0, 72.0, 41.0, 116.0, 52.0, 115.0, 162.0, 175.0, 144.0, 23.0, 167.0, 187.0, 128.0, 49.0, 193.0, 150.0, 132.0, 154.0, 73.0, 102.0, 115.0, 76.0, 104.0, 87.0, 83.0, 53.0, 138.0, 163.0, 111.0, 147.0, 136.0, 125.0, 85.0, 145.0, 24.0, 159.0, 102.0, 105.0, 183.0, 103.0, 56.0, 171.0, 235.0, 110.0, 136.0, 67.0, 101.0, 118.0, 130.0, 130.0, 116.0, 133.0, 114.0, 128.0, 86.0, 119.0, 82.0, 117.0, 72.0, 75.0, 114.0, 166.0, 83.0, 162.0, 178.0, 153.0, 110.0, 173.0, 114.0, 209.0, 175.0, 73.0, 171.0, 127.0, 201.0, 155.0, 141.0, 139.0, 72.0, 81.0, 139.0, 131.0, 170.0, 148.0, 176.0, 52.0, 187.0, 125.0, 124.0, 90.0, 30.0, 111.0, 106.0, 119.0, 119.0, 95.0, 96.0, 181.0, 52.0, 97.0, 158.0, 126.0, 112.0, 42.0, 180.0, 151.0, 95.0, 131.0, 151.0, 61.0, 199.0, 150.0, 141.0, 202.0, 174.0, 86.0, 142.0, 175.0, 34.0, 149.0, 220.0, 125.0, 153.0, 37.0, 113.0, 160.0, 148.0, 206.0, 92.0, 64.0, 223.0, 54.0, 129.0, 167.0, 164.0, 172.0, 224.0, 103.0, 101.0, 108.0, 170.0, 70.0, 111.0, 114.0, 72.0, 88.0, 153.0, 67.0, 216.0, 66.0, 123.0, 144.0],