{"env_runners": {"episode_reward_max": 102.0, "episode_reward_min": 67.0, "episode_reward_mean": 80.37333333333333, "episode_len_mean": 2000.0, "episode_media": {}, "episodes_this_iter": 225, "episodes_timesteps_total": 450000, "policy_reward_min": {"player_0": 4.0, "player_1": 0.0, "player_2": 0.0, "player_3": 1.0, "player_4": 0.0, "player_5": 0.0, "player_6": 0.0}, "policy_reward_max": {"player_0": 30.0, "player_1": 27.0, "player_2": 24.0, "player_3": 29.0, "player_4": 26.0, "player_5": 24.0, "player_6": 24.0}, "policy_reward_mean": {"player_0": 17.435555555555556, "player_1": 13.862222222222222, "player_2": 10.644444444444444, "player_3": 12.36888888888889, "player_4": 8.404444444444444, "player_5": 8.342222222222222, "player_6": 9.315555555555555}, "custom_metrics": {}, "hist_stats": {"episode_reward": [77.0, 81.0, 80.0, 78.0, 83.0, 92.0, 79.0, 79.0, 72.0, 84.0, 88.0, 95.0, 78.0, 68.0, 78.0, 68.0, 77.0, 80.0, 86.0, 84.0, 102.0, 85.0, 83.0, 84.0, 82.0, 77.0, 80.0, 75.0, 84.0, 97.0, 85.0, 90.0, 80.0, 75.0, 76.0, 87.0, 88.0, 84.0, 89.0, 78.0, 77.0, 81.0, 69.0, 81.0, 82.0, 76.0, 84.0, 82.0, 76.0, 90.0, 80.0, 69.0, 74.0, 75.0, 94.0, 76.0, 79.0, 81.0, 92.0, 75.0, 83.0, 81.0, 75.0, 78.0, 76.0, 87.0, 83.0, 80.0, 73.0, 69.0, 81.0, 70.0, 71.0, 80.0, 79.0, 91.0, 79.0, 81.0, 72.0, 87.0, 74.0, 78.0, 82.0, 88.0, 81.0, 74.0, 81.0, 82.0, 77.0, 77.0, 73.0, 86.0, 72.0, 90.0, 83.0, 75.0, 76.0, 76.0, 77.0, 81.0, 76.0, 73.0, 98.0, 88.0, 75.0, 72.0, 80.0, 76.0, 89.0, 75.0, 85.0, 90.0, 71.0, 73.0, 69.0, 79.0, 77.0, 74.0, 79.0, 87.0, 83.0, 84.0, 76.0, 72.0, 87.0, 76.0, 101.0, 77.0, 70.0, 75.0, 73.0, 76.0, 76.0, 74.0, 80.0, 84.0, 85.0, 86.0, 76.0, 75.0, 72.0, 86.0, 73.0, 78.0, 78.0, 67.0, 73.0, 84.0, 74.0, 72.0, 73.0, 86.0, 88.0, 74.0, 70.0, 74.0, 76.0, 75.0, 85.0, 88.0, 92.0, 74.0, 73.0, 78.0, 69.0, 90.0, 84.0, 89.0, 86.0, 101.0, 77.0, 86.0, 90.0, 93.0, 85.0, 82.0, 86.0, 73.0, 84.0, 81.0, 75.0, 81.0, 82.0, 77.0, 91.0, 74.0, 84.0, 91.0, 90.0, 76.0, 78.0, 79.0, 97.0, 71.0, 81.0, 79.0, 88.0, 82.0, 84.0, 76.0, 74.0, 76.0, 83.0, 80.0, 75.0, 90.0, 72.0, 83.0, 83.0, 77.0, 83.0, 82.0, 73.0, 84.0, 72.0, 85.0, 79.0, 84.0, 71.0, 79.0, 80.0, 90.0, 81.0, 79.0, 102.0], "episode_lengths": [2000, 2000, 2000, 2000, 2000, 2000, 2000, 2000, 2000, 2000, 2000, 2000, 2000, 2000, 2000, 2000, 2000, 2000, 2000, 2000, 2000, 2000, 2000, 2000, 2000, 2000, 2000, 2000, 2000, 2000, 2000, 2000, 2000, 2000, 2000, 2000, 2000, 2000, 2000, 2000, 2000, 2000, 2000, 2000, 2000, 2000, 2000, 2000, 2000, 2000, 2000, 2000, 2000, 2000, 2000, 2000, 2000, 2000, 2000, 2000, 2000, 2000, 2000, 2000, 2000, 2000, 2000, 2000, 2000, 2000, 2000, 2000, 2000, 2000, 2000, 2000, 2000, 2000, 2000, 2000, 2000, 2000, 2000, 2000, 2000, 2000, 2000, 2000, 2000, 2000, 2000, 2000, 2000, 2000, 2000, 2000, 2000, 2000, 2000, 2000, 2000, 2000, 2000, 2000, 2000, 2000, 2000, 2000, 2000, 2000, 2000, 2000, 2000, 2000, 2000, 2000, 2000, 2000, 2000, 2000, 2000, 2000, 2000, 2000, 2000, 2000, 2000, 2000, 2000, 2000, 2000, 2000, 2000, 2000, 2000, 2000, 2000, 2000, 2000, 2000, 2000, 2000, 2000, 2000, 2000, 2000, 2000, 2000, 2000, 2000, 2000, 2000, 2000, 2000, 2000, 2000, 2000, 2000, 2000, 2000, 2000, 2000, 2000, 2000, 2000, 2000, 2000, 2000, 2000, 2000, 2000, 2000, 2000, 2000, 2000, 2000, 2000, 2000, 2000, 2000, 2000, 2000, 2000, 2000, 2000, 2000, 2000, 2000, 2000, 2000, 2000, 2000, 2000, 2000, 2000, 2000, 2000, 2000, 2000, 2000, 2000, 2000, 2000, 2000, 2000, 2000, 2000, 2000, 2000, 2000, 2000, 2000, 2000, 2000, 2000, 2000, 2000, 2000, 2000, 2000, 2000, 2000, 2000, 2000, 2000], "policy_player_0_reward": [14.0, 18.0, 16.0, 12.0, 18.0, 18.0, 19.0, 30.0, 17.0, 21.0, 24.0, 20.0, 20.0, 14.0, 17.0, 15.0, 20.0, 12.0, 25.0, 19.0, 25.0, 12.0, 15.0, 19.0, 21.0, 14.0, 23.0, 17.0, 16.0, 23.0, 26.0, 26.0, 15.0, 17.0, 15.0, 17.0, 19.0, 15.0, 16.0, 16.0, 16.0, 16.0, 13.0, 4.0, 18.0, 21.0, 18.0, 20.0, 12.0, 18.0, 18.0, 15.0, 7.0, 20.0, 25.0, 28.0, 15.0, 25.0, 24.0, 14.0, 19.0, 9.0, 16.0, 23.0, 16.0, 10.0, 13.0, 12.0, 18.0, 11.0, 16.0, 16.0, 16.0, 20.0, 20.0, 21.0, 21.0, 20.0, 25.0, 13.0, 14.0, 16.0, 19.0, 19.0, 17.0, 17.0, 15.0, 12.0, 19.0, 19.0, 13.0, 25.0, 20.0, 12.0, 15.0, 16.0, 21.0, 12.0, 20.0, 17.0, 16.0, 25.0, 8.0, 18.0, 15.0, 18.0, 14.0, 16.0, 27.0, 10.0, 19.0, 17.0, 21.0, 28.0, 15.0, 17.0, 22.0, 10.0, 20.0, 17.0, 16.0, 12.0, 21.0, 15.0, 25.0, 17.0, 21.0, 16.0, 15.0, 14.0, 12.0, 18.0, 17.0, 18.0, 8.0, 20.0, 15.0, 16.0, 18.0, 17.0, 16.0, 15.0, 9.0, 15.0, 14.0, 14.0, 20.0, 20.0, 19.0, 19.0, 18.0, 21.0, 14.0, 13.0, 20.0, 19.0, 20.0, 18.0, 20.0, 26.0, 22.0, 14.0, 18.0, 28.0, 16.0, 19.0, 18.0, 17.0, 22.0, 18.0, 21.0, 12.0, 25.0, 10.0, 21.0, 19.0, 13.0, 15.0, 16.0, 20.0, 17.0, 18.0, 19.0, 15.0, 24.0, 24.0, 25.0, 18.0, 16.0, 14.0, 19.0, 23.0, 17.0, 5.0, 25.0, 10.0, 13.0, 10.0, 15.0, 20.0, 17.0, 16.0, 16.0, 19.0, 15.0, 15.0, 16.0, 14.0, 21.0, 23.0, 16.0, 23.0, 16.0, 18.0, 12.0, 19.0, 23.0, 13.0, 12.0, 15.0, 12.0, 20.0, 21.0, 14.0, 16.0], "policy_player_1_reward": [6.0, 19.0, 4.0, 14.0, 10.0, 18.0, 8.0, 7.0, 16.0, 24.0, 20.0, 26.0, 16.0, 17.0, 2.0, 6.0, 15.0, 16.0, 2.0, 10.0, 26.0, 10.0, 13.0, 4.0, 18.0, 12.0, 13.0, 11.0, 11.0, 17.0, 7.0, 22.0, 13.0, 21.0, 0.0, 20.0, 21.0, 11.0, 10.0, 20.0, 13.0, 22.0, 14.0, 16.0, 10.0, 8.0, 9.0, 24.0, 17.0, 11.0, 17.0, 24.0, 9.0, 8.0, 24.0, 8.0, 21.0, 27.0, 13.0, 22.0, 6.0, 11.0, 14.0, 14.0, 17.0, 14.0, 16.0, 8.0, 10.0, 10.0, 12.0, 12.0, 12.0, 12.0, 12.0, 12.0, 10.0, 12.0, 21.0, 10.0, 15.0, 11.0, 22.0, 13.0, 12.0, 6.0, 14.0, 17.0, 1.0, 8.0, 15.0, 14.0, 18.0, 17.0, 4.0, 8.0, 18.0, 15.0, 23.0, 10.0, 15.0, 12.0, 12.0, 19.0, 20.0, 14.0, 15.0, 22.0, 18.0, 16.0, 10.0, 16.0, 4.0, 6.0, 19.0, 16.0, 15.0, 3.0, 6.0, 10.0, 14.0, 16.0, 6.0, 13.0, 9.0, 15.0, 16.0, 4.0, 3.0, 18.0, 13.0, 12.0, 13.0, 18.0, 13.0, 23.0, 11.0, 13.0, 16.0, 16.0, 10.0, 8.0, 16.0, 18.0, 13.0, 16.0, 9.0, 17.0, 15.0, 6.0, 18.0, 22.0, 14.0, 14.0, 12.0, 10.0, 10.0, 8.0, 18.0, 13.0, 17.0, 9.0, 14.0, 14.0, 21.0, 14.0, 16.0, 19.0, 10.0, 17.0, 9.0, 14.0, 24.0, 15.0, 17.0, 16.0, 12.0, 15.0, 20.0, 12.0, 11.0, 13.0, 20.0, 13.0, 13.0, 16.0, 13.0, 18.0, 13.0, 21.0, 12.0, 11.0, 12.0, 15.0, 10.0, 11.0, 10.0, 15.0, 14.0, 6.0, 17.0, 25.0, 9.0, 19.0, 7.0, 20.0, 10.0, 14.0, 14.0, 20.0, 15.0, 14.0, 12.0, 11.0, 11.0, 12.0, 17.0, 16.0, 11.0, 25.0, 17.0, 20.0, 17.0, 14.0, 24.0], "policy_player_2_reward": [12.0, 13.0, 11.0, 9.0, 12.0, 9.0, 11.0, 3.0, 15.0, 1.0, 7.0, 13.0, 5.0, 5.0, 18.0, 13.0, 9.0, 10.0, 16.0, 15.0, 14.0, 15.0, 20.0, 22.0, 12.0, 4.0, 16.0, 14.0, 14.0, 15.0, 21.0, 1.0, 11.0, 7.0, 11.0, 6.0, 11.0, 15.0, 24.0, 14.0, 11.0, 6.0, 12.0, 6.0, 7.0, 11.0, 7.0, 12.0, 10.0, 11.0, 5.0, 0.0, 6.0, 8.0, 16.0, 3.0, 9.0, 4.0, 11.0, 11.0, 21.0, 10.0, 15.0, 10.0, 6.0, 12.0, 16.0, 9.0, 14.0, 12.0, 4.0, 10.0, 5.0, 4.0, 10.0, 9.0, 10.0, 10.0, 6.0, 8.0, 12.0, 9.0, 15.0, 17.0, 13.0, 12.0, 12.0, 7.0, 19.0, 21.0, 9.0, 6.0, 2.0, 15.0, 16.0, 8.0, 5.0, 10.0, 4.0, 4.0, 6.0, 6.0, 24.0, 17.0, 15.0, 4.0, 17.0, 10.0, 11.0, 10.0, 4.0, 15.0, 12.0, 13.0, 4.0, 9.0, 5.0, 10.0, 15.0, 14.0, 16.0, 7.0, 13.0, 11.0, 14.0, 7.0, 6.0, 19.0, 2.0, 6.0, 16.0, 20.0, 6.0, 11.0, 12.0, 6.0, 16.0, 6.0, 7.0, 13.0, 14.0, 13.0, 10.0, 7.0, 10.0, 0.0, 7.0, 7.0, 4.0, 5.0, 12.0, 15.0, 15.0, 16.0, 13.0, 8.0, 7.0, 14.0, 8.0, 12.0, 7.0, 13.0, 3.0, 8.0, 9.0, 20.0, 6.0, 2.0, 17.0, 11.0, 4.0, 16.0, 10.0, 12.0, 22.0, 14.0, 10.0, 11.0, 9.0, 12.0, 9.0, 8.0, 6.0, 14.0, 13.0, 9.0, 11.0, 16.0, 17.0, 6.0, 10.0, 13.0, 11.0, 13.0, 17.0, 12.0, 5.0, 14.0, 10.0, 7.0, 9.0, 13.0, 10.0, 11.0, 6.0, 10.0, 9.0, 14.0, 16.0, 8.0, 10.0, 8.0, 6.0, 14.0, 11.0, 12.0, 1.0, 22.0, 18.0, 9.0, 8.0, 5.0, 10.0, 11.0, 18.0],