{"env_runners": {"episode_reward_max": 466.0, "episode_reward_min": 88.0, "episode_reward_mean": 208.95111111111112, "episode_len_mean": 2000.0, "episode_media": {}, "episodes_this_iter": 225, "episodes_timesteps_total": 450000, "policy_reward_min": {"player_0": 7.0, "player_1": 1.0, "player_2": 0.0, "player_3": 0.0, "player_4": 0.0, "player_5": 0.0, "player_6": 16.0}, "policy_reward_max": {"player_0": 69.0, "player_1": 90.0, "player_2": 49.0, "player_3": 25.0, "player_4": 41.0, "player_5": 104.0, "player_6": 254.0}, "policy_reward_mean": {"player_0": 26.884444444444444, "player_1": 30.524444444444445, "player_2": 16.63111111111111, "player_3": 2.3066666666666666, "player_4": 7.404444444444445, "player_5": 30.73777777777778, "player_6": 94.46222222222222}, "custom_metrics": {}, "hist_stats": {"episode_reward": [200.0, 113.0, 161.0, 186.0, 94.0, 103.0, 145.0, 163.0, 128.0, 106.0, 113.0, 99.0, 134.0, 136.0, 174.0, 100.0, 119.0, 153.0, 160.0, 123.0, 134.0, 110.0, 123.0, 231.0, 140.0, 124.0, 195.0, 285.0, 261.0, 153.0, 272.0, 158.0, 234.0, 137.0, 347.0, 123.0, 326.0, 128.0, 166.0, 403.0, 88.0, 157.0, 118.0, 213.0, 221.0, 207.0, 162.0, 287.0, 251.0, 125.0, 406.0, 182.0, 127.0, 206.0, 267.0, 153.0, 389.0, 312.0, 252.0, 175.0, 313.0, 175.0, 194.0, 161.0, 271.0, 271.0, 188.0, 248.0, 195.0, 222.0, 235.0, 275.0, 166.0, 135.0, 367.0, 421.0, 237.0, 286.0, 303.0, 325.0, 185.0, 169.0, 114.0, 231.0, 157.0, 239.0, 157.0, 216.0, 242.0, 205.0, 199.0, 234.0, 206.0, 220.0, 164.0, 134.0, 184.0, 236.0, 244.0, 201.0, 151.0, 195.0, 271.0, 343.0, 364.0, 192.0, 188.0, 206.0, 304.0, 238.0, 118.0, 295.0, 250.0, 338.0, 271.0, 199.0, 349.0, 169.0, 466.0, 212.0, 167.0, 246.0, 142.0, 164.0, 139.0, 248.0, 145.0, 277.0, 195.0, 224.0, 222.0, 215.0, 132.0, 233.0, 214.0, 187.0, 286.0, 273.0, 264.0, 172.0, 150.0, 143.0, 396.0, 191.0, 246.0, 256.0, 298.0, 125.0, 168.0, 180.0, 168.0, 125.0, 127.0, 107.0, 160.0, 249.0, 342.0, 315.0, 177.0, 254.0, 142.0, 192.0, 150.0, 209.0, 286.0, 341.0, 339.0, 234.0, 157.0, 160.0, 183.0, 252.0, 250.0, 204.0, 249.0, 218.0, 186.0, 113.0, 128.0, 243.0, 274.0, 234.0, 187.0, 216.0, 217.0, 304.0, 128.0, 206.0, 370.0, 339.0, 235.0, 168.0, 149.0, 274.0, 143.0, 195.0, 208.0, 134.0, 151.0, 236.0, 188.0, 184.0, 153.0, 247.0, 259.0, 251.0, 131.0, 150.0, 213.0, 214.0, 121.0, 400.0, 202.0, 208.0, 139.0, 261.0, 133.0, 122.0, 213.0, 188.0, 234.0, 251.0, 156.0, 168.0, 200.0], "episode_lengths": [2000, 2000, 2000, 2000, 2000, 2000, 2000, 2000, 2000, 2000, 2000, 2000, 2000, 2000, 2000, 2000, 2000, 2000, 2000, 2000, 2000, 2000, 2000, 2000, 2000, 2000, 2000, 2000, 2000, 2000, 2000, 2000, 2000, 2000, 2000, 2000, 2000, 2000, 2000, 2000, 2000, 2000, 2000, 2000, 2000, 2000, 2000, 2000, 2000, 2000, 2000, 2000, 2000, 2000, 2000, 2000, 2000, 2000, 2000, 2000, 2000, 2000, 2000, 2000, 2000, 2000, 2000, 2000, 2000, 2000, 2000, 2000, 2000, 2000, 2000, 2000, 2000, 2000, 2000, 2000, 2000, 2000, 2000, 2000, 2000, 2000, 2000, 2000, 2000, 2000, 2000, 2000, 2000, 2000, 2000, 2000, 2000, 2000, 2000, 2000, 2000, 2000, 2000, 2000, 2000, 2000, 2000, 2000, 2000, 2000, 2000, 2000, 2000, 2000, 2000, 2000, 2000, 2000, 2000, 2000, 2000, 2000, 2000, 2000, 2000, 2000, 2000, 2000, 2000, 2000, 2000, 2000, 2000, 2000, 2000, 2000, 2000, 2000, 2000, 2000, 2000, 2000, 2000, 2000, 2000, 2000, 2000, 2000, 2000, 2000, 2000, 2000, 2000, 2000, 2000, 2000, 2000, 2000, 2000, 2000, 2000, 2000, 2000, 2000, 2000, 2000, 2000, 2000, 2000, 2000, 2000, 2000, 2000, 2000, 2000, 2000, 2000, 2000, 2000, 2000, 2000, 2000, 2000, 2000, 2000, 2000, 2000, 2000, 2000, 2000, 2000, 2000, 2000, 2000, 2000, 2000, 2000, 2000, 2000, 2000, 2000, 2000, 2000, 2000, 2000, 2000, 2000, 2000, 2000, 2000, 2000, 2000, 2000, 2000, 2000, 2000, 2000, 2000, 2000, 2000, 2000, 2000, 2000, 2000, 2000], "policy_player_0_reward": [14.0, 18.0, 17.0, 16.0, 13.0, 11.0, 15.0, 23.0, 22.0, 13.0, 8.0, 11.0, 9.0, 13.0, 22.0, 18.0, 19.0, 16.0, 13.0, 11.0, 21.0, 16.0, 17.0, 7.0, 16.0, 19.0, 17.0, 49.0, 33.0, 27.0, 21.0, 21.0, 40.0, 10.0, 32.0, 16.0, 36.0, 9.0, 13.0, 59.0, 16.0, 18.0, 17.0, 33.0, 30.0, 41.0, 24.0, 48.0, 21.0, 11.0, 43.0, 17.0, 33.0, 32.0, 22.0, 30.0, 7.0, 40.0, 33.0, 19.0, 24.0, 15.0, 28.0, 14.0, 24.0, 34.0, 16.0, 32.0, 24.0, 37.0, 31.0, 23.0, 23.0, 11.0, 48.0, 22.0, 19.0, 39.0, 27.0, 43.0, 25.0, 20.0, 9.0, 13.0, 10.0, 28.0, 23.0, 29.0, 39.0, 14.0, 41.0, 7.0, 17.0, 19.0, 19.0, 10.0, 30.0, 19.0, 41.0, 33.0, 35.0, 31.0, 18.0, 31.0, 51.0, 37.0, 34.0, 23.0, 15.0, 32.0, 20.0, 56.0, 37.0, 41.0, 45.0, 22.0, 23.0, 16.0, 56.0, 23.0, 17.0, 23.0, 32.0, 31.0, 20.0, 47.0, 12.0, 31.0, 32.0, 22.0, 25.0, 36.0, 21.0, 38.0, 40.0, 15.0, 53.0, 13.0, 33.0, 11.0, 24.0, 34.0, 69.0, 22.0, 43.0, 22.0, 59.0, 15.0, 35.0, 14.0, 33.0, 17.0, 20.0, 14.0, 22.0, 42.0, 69.0, 46.0, 25.0, 27.0, 20.0, 25.0, 27.0, 36.0, 44.0, 52.0, 45.0, 62.0, 27.0, 18.0, 16.0, 31.0, 14.0, 37.0, 36.0, 27.0, 18.0, 25.0, 26.0, 14.0, 39.0, 35.0, 47.0, 27.0, 39.0, 18.0, 9.0, 24.0, 50.0, 50.0, 31.0, 11.0, 24.0, 20.0, 18.0, 26.0, 25.0, 27.0, 11.0, 26.0, 29.0, 17.0, 29.0, 25.0, 19.0, 32.0, 27.0, 24.0, 51.0, 34.0, 21.0, 40.0, 50.0, 19.0, 21.0, 40.0, 28.0, 11.0, 35.0, 41.0, 41.0, 37.0, 27.0, 23.0, 25.0], "policy_player_1_reward": [23.0, 10.0, 25.0, 26.0, 20.0, 18.0, 12.0, 20.0, 19.0, 13.0, 10.0, 1.0, 18.0, 11.0, 29.0, 3.0, 13.0, 44.0, 18.0, 10.0, 14.0, 12.0, 16.0, 27.0, 10.0, 18.0, 32.0, 63.0, 55.0, 23.0, 27.0, 20.0, 40.0, 16.0, 45.0, 12.0, 53.0, 24.0, 32.0, 24.0, 14.0, 34.0, 29.0, 36.0, 14.0, 35.0, 19.0, 50.0, 27.0, 18.0, 43.0, 11.0, 9.0, 19.0, 39.0, 39.0, 48.0, 57.0, 20.0, 53.0, 58.0, 28.0, 30.0, 19.0, 33.0, 55.0, 23.0, 40.0, 30.0, 31.0, 36.0, 42.0, 16.0, 35.0, 73.0, 46.0, 39.0, 34.0, 41.0, 49.0, 33.0, 19.0, 20.0, 23.0, 14.0, 41.0, 15.0, 32.0, 27.0, 13.0, 19.0, 18.0, 24.0, 43.0, 39.0, 25.0, 26.0, 30.0, 15.0, 42.0, 24.0, 30.0, 43.0, 25.0, 18.0, 21.0, 24.0, 15.0, 46.0, 37.0, 34.0, 38.0, 43.0, 49.0, 29.0, 32.0, 58.0, 21.0, 90.0, 45.0, 34.0, 44.0, 24.0, 27.0, 21.0, 29.0, 17.0, 43.0, 22.0, 28.0, 30.0, 29.0, 20.0, 45.0, 20.0, 22.0, 46.0, 41.0, 41.0, 36.0, 13.0, 14.0, 55.0, 17.0, 23.0, 47.0, 33.0, 31.0, 18.0, 39.0, 20.0, 28.0, 25.0, 21.0, 28.0, 31.0, 54.0, 70.0, 31.0, 46.0, 35.0, 37.0, 48.0, 24.0, 41.0, 34.0, 70.0, 45.0, 34.0, 33.0, 37.0, 41.0, 32.0, 23.0, 38.0, 26.0, 29.0, 15.0, 19.0, 36.0, 34.0, 26.0, 19.0, 48.0, 14.0, 26.0, 26.0, 12.0, 58.0, 60.0, 27.0, 18.0, 16.0, 25.0, 21.0, 36.0, 44.0, 14.0, 22.0, 46.0, 28.0, 17.0, 23.0, 42.0, 42.0, 52.0, 36.0, 15.0, 28.0, 33.0, 18.0, 81.0, 33.0, 27.0, 20.0, 51.0, 17.0, 15.0, 26.0, 12.0, 41.0, 57.0, 17.0, 33.0, 34.0], "policy_player_2_reward": [8.0, 11.0, 3.0, 17.0, 7.0, 7.0, 0.0, 9.0, 0.0, 4.0, 16.0, 9.0, 5.0, 0.0, 11.0, 0.0, 0.0, 4.0, 10.0, 3.0, 5.0, 3.0, 8.0, 38.0, 17.0, 4.0, 13.0, 41.0, 17.0, 15.0, 13.0, 9.0, 3.0, 5.0, 33.0, 9.0, 28.0, 13.0, 15.0, 47.0, 6.0, 9.0, 3.0, 19.0, 17.0, 11.0, 23.0, 20.0, 24.0, 18.0, 30.0, 7.0, 7.0, 19.0, 49.0, 3.0, 49.0, 22.0, 44.0, 0.0, 43.0, 14.0, 20.0, 8.0, 21.0, 23.0, 14.0, 30.0, 21.0, 13.0, 18.0, 14.0, 12.0, 6.0, 22.0, 48.0, 23.0, 22.0, 15.0, 17.0, 7.0, 34.0, 9.0, 33.0, 30.0, 28.0, 16.0, 23.0, 19.0, 29.0, 8.0, 43.0, 22.0, 12.0, 10.0, 11.0, 8.0, 37.0, 24.0, 16.0, 4.0, 2.0, 29.0, 32.0, 27.0, 3.0, 15.0, 18.0, 41.0, 34.0, 11.0, 14.0, 12.0, 36.0, 22.0, 18.0, 31.0, 3.0, 26.0, 22.0, 8.0, 15.0, 6.0, 1.0, 20.0, 11.0, 10.0, 2.0, 28.0, 15.0, 2.0, 8.0, 20.0, 12.0, 42.0, 25.0, 30.0, 10.0, 16.0, 2.0, 6.0, 10.0, 43.0, 5.0, 25.0, 49.0, 29.0, 8.0, 16.0, 13.0, 7.0, 9.0, 24.0, 11.0, 8.0, 22.0, 34.0, 4.0, 10.0, 31.0, 3.0, 14.0, 1.0, 23.0, 12.0, 15.0, 33.0, 8.0, 20.0, 17.0, 10.0, 33.0, 27.0, 9.0, 30.0, 12.0, 0.0, 0.0, 3.0, 32.0, 27.0, 16.0, 11.0, 33.0, 12.0, 35.0, 3.0, 23.0, 18.0, 18.0, 5.0, 31.0, 1.0, 23.0, 10.0, 2.0, 25.0, 11.0, 2.0, 20.0, 27.0, 19.0, 15.0, 16.0, 42.0, 8.0, 3.0, 4.0, 29.0, 33.0, 2.0, 21.0, 12.0, 34.0, 10.0, 21.0, 5.0, 11.0, 21.0, 14.0, 9.0, 25.0, 7.0, 3.0, 13.0],