{"env_runners": {"episode_reward_max": 111.0, "episode_reward_min": 68.0, "episode_reward_mean": 83.82222222222222, "episode_len_mean": 2000.0, "episode_media": {}, "episodes_this_iter": 225, "episodes_timesteps_total": 450000, "policy_reward_min": {"player_0": 0.0, "player_1": 1.0, "player_2": 1.0, "player_3": 0.0, "player_4": 0.0, "player_5": 0.0, "player_6": 0.0}, "policy_reward_max": {"player_0": 24.0, "player_1": 32.0, "player_2": 33.0, "player_3": 41.0, "player_4": 30.0, "player_5": 26.0, "player_6": 24.0}, "policy_reward_mean": {"player_0": 8.004444444444445, "player_1": 14.911111111111111, "player_2": 12.724444444444444, "player_3": 15.382222222222222, "player_4": 10.706666666666667, "player_5": 10.591111111111111, "player_6": 11.502222222222223}, "custom_metrics": {}, "hist_stats": {"episode_reward": [90.0, 82.0, 87.0, 74.0, 80.0, 73.0, 82.0, 83.0, 80.0, 79.0, 79.0, 79.0, 79.0, 81.0, 72.0, 93.0, 83.0, 86.0, 76.0, 77.0, 76.0, 79.0, 82.0, 79.0, 89.0, 81.0, 77.0, 83.0, 74.0, 76.0, 106.0, 81.0, 84.0, 80.0, 72.0, 79.0, 78.0, 82.0, 82.0, 74.0, 91.0, 91.0, 80.0, 83.0, 78.0, 84.0, 82.0, 81.0, 84.0, 89.0, 88.0, 94.0, 99.0, 102.0, 74.0, 76.0, 82.0, 103.0, 78.0, 97.0, 81.0, 80.0, 91.0, 85.0, 93.0, 84.0, 77.0, 87.0, 90.0, 109.0, 90.0, 92.0, 78.0, 77.0, 79.0, 80.0, 83.0, 73.0, 99.0, 77.0, 68.0, 69.0, 83.0, 86.0, 75.0, 101.0, 86.0, 84.0, 86.0, 72.0, 103.0, 106.0, 82.0, 85.0, 83.0, 69.0, 77.0, 86.0, 75.0, 93.0, 79.0, 79.0, 77.0, 75.0, 83.0, 96.0, 88.0, 82.0, 87.0, 90.0, 83.0, 83.0, 87.0, 85.0, 81.0, 111.0, 87.0, 104.0, 84.0, 77.0, 75.0, 87.0, 84.0, 88.0, 72.0, 90.0, 90.0, 83.0, 75.0, 77.0, 105.0, 83.0, 83.0, 73.0, 93.0, 96.0, 88.0, 80.0, 86.0, 79.0, 78.0, 79.0, 82.0, 82.0, 82.0, 82.0, 84.0, 74.0, 80.0, 84.0, 75.0, 81.0, 77.0, 71.0, 75.0, 79.0, 74.0, 83.0, 105.0, 77.0, 76.0, 96.0, 78.0, 100.0, 83.0, 81.0, 76.0, 77.0, 80.0, 86.0, 78.0, 86.0, 75.0, 81.0, 81.0, 79.0, 79.0, 76.0, 85.0, 75.0, 73.0, 88.0, 78.0, 70.0, 86.0, 93.0, 87.0, 87.0, 79.0, 72.0, 98.0, 95.0, 85.0, 70.0, 80.0, 87.0, 87.0, 85.0, 78.0, 82.0, 96.0, 87.0, 95.0, 85.0, 98.0, 94.0, 92.0, 90.0, 98.0, 80.0, 75.0, 75.0, 98.0, 88.0, 79.0, 97.0, 80.0, 95.0, 81.0, 94.0, 107.0, 78.0, 93.0, 82.0, 87.0], "episode_lengths": [2000, 2000, 2000, 2000, 2000, 2000, 2000, 2000, 2000, 2000, 2000, 2000, 2000, 2000, 2000, 2000, 2000, 2000, 2000, 2000, 2000, 2000, 2000, 2000, 2000, 2000, 2000, 2000, 2000, 2000, 2000, 2000, 2000, 2000, 2000, 2000, 2000, 2000, 2000, 2000, 2000, 2000, 2000, 2000, 2000, 2000, 2000, 2000, 2000, 2000, 2000, 2000, 2000, 2000, 2000, 2000, 2000, 2000, 2000, 2000, 2000, 2000, 2000, 2000, 2000, 2000, 2000, 2000, 2000, 2000, 2000, 2000, 2000, 2000, 2000, 2000, 2000, 2000, 2000, 2000, 2000, 2000, 2000, 2000, 2000, 2000, 2000, 2000, 2000, 2000, 2000, 2000, 2000, 2000, 2000, 2000, 2000, 2000, 2000, 2000, 2000, 2000, 2000, 2000, 2000, 2000, 2000, 2000, 2000, 2000, 2000, 2000, 2000, 2000, 2000, 2000, 2000, 2000, 2000, 2000, 2000, 2000, 2000, 2000, 2000, 2000, 2000, 2000, 2000, 2000, 2000, 2000, 2000, 2000, 2000, 2000, 2000, 2000, 2000, 2000, 2000, 2000, 2000, 2000, 2000, 2000, 2000, 2000, 2000, 2000, 2000, 2000, 2000, 2000, 2000, 2000, 2000, 2000, 2000, 2000, 2000, 2000, 2000, 2000, 2000, 2000, 2000, 2000, 2000, 2000, 2000, 2000, 2000, 2000, 2000, 2000, 2000, 2000, 2000, 2000, 2000, 2000, 2000, 2000, 2000, 2000, 2000, 2000, 2000, 2000, 2000, 2000, 2000, 2000, 2000, 2000, 2000, 2000, 2000, 2000, 2000, 2000, 2000, 2000, 2000, 2000, 2000, 2000, 2000, 2000, 2000, 2000, 2000, 2000, 2000, 2000, 2000, 2000, 2000, 2000, 2000, 2000, 2000, 2000, 2000], "policy_player_0_reward": [16.0, 17.0, 19.0, 17.0, 20.0, 16.0, 21.0, 16.0, 19.0, 15.0, 17.0, 17.0, 21.0, 17.0, 11.0, 7.0, 22.0, 16.0, 21.0, 24.0, 21.0, 13.0, 2.0, 3.0, 6.0, 11.0, 5.0, 5.0, 6.0, 8.0, 10.0, 2.0, 8.0, 4.0, 13.0, 7.0, 11.0, 6.0, 5.0, 6.0, 7.0, 6.0, 8.0, 8.0, 5.0, 6.0, 2.0, 5.0, 6.0, 7.0, 7.0, 8.0, 4.0, 11.0, 4.0, 2.0, 8.0, 7.0, 3.0, 7.0, 7.0, 7.0, 12.0, 6.0, 8.0, 4.0, 8.0, 10.0, 7.0, 9.0, 10.0, 10.0, 9.0, 5.0, 6.0, 5.0, 9.0, 7.0, 6.0, 7.0, 1.0, 2.0, 7.0, 3.0, 8.0, 4.0, 10.0, 9.0, 3.0, 3.0, 10.0, 1.0, 13.0, 6.0, 7.0, 5.0, 8.0, 10.0, 8.0, 13.0, 3.0, 6.0, 9.0, 5.0, 11.0, 12.0, 7.0, 12.0, 5.0, 6.0, 5.0, 9.0, 6.0, 7.0, 5.0, 7.0, 9.0, 8.0, 8.0, 10.0, 6.0, 9.0, 5.0, 13.0, 7.0, 8.0, 9.0, 9.0, 11.0, 7.0, 5.0, 4.0, 8.0, 5.0, 7.0, 5.0, 6.0, 14.0, 2.0, 6.0, 7.0, 5.0, 7.0, 13.0, 8.0, 4.0, 8.0, 3.0, 6.0, 6.0, 5.0, 3.0, 11.0, 8.0, 12.0, 8.0, 4.0, 6.0, 7.0, 3.0, 11.0, 8.0, 7.0, 8.0, 5.0, 8.0, 7.0, 2.0, 6.0, 9.0, 5.0, 12.0, 7.0, 11.0, 6.0, 9.0, 5.0, 2.0, 9.0, 7.0, 6.0, 5.0, 5.0, 9.0, 8.0, 4.0, 12.0, 2.0, 2.0, 7.0, 5.0, 7.0, 11.0, 5.0, 10.0, 19.0, 11.0, 6.0, 6.0, 14.0, 9.0, 8.0, 10.0, 5.0, 4.0, 8.0, 3.0, 8.0, 13.0, 3.0, 4.0, 6.0, 10.0, 8.0, 4.0, 7.0, 14.0, 10.0, 5.0, 3.0, 3.0, 5.0, 0.0, 7.0, 11.0], "policy_player_1_reward": [17.0, 13.0, 10.0, 13.0, 17.0, 12.0, 18.0, 14.0, 9.0, 10.0, 18.0, 11.0, 16.0, 15.0, 8.0, 17.0, 12.0, 13.0, 18.0, 23.0, 2.0, 8.0, 10.0, 19.0, 21.0, 16.0, 14.0, 26.0, 18.0, 13.0, 4.0, 11.0, 15.0, 19.0, 13.0, 17.0, 14.0, 17.0, 9.0, 5.0, 28.0, 5.0, 24.0, 22.0, 16.0, 18.0, 24.0, 11.0, 23.0, 15.0, 17.0, 23.0, 23.0, 19.0, 15.0, 17.0, 13.0, 12.0, 27.0, 8.0, 15.0, 15.0, 14.0, 19.0, 14.0, 10.0, 10.0, 11.0, 11.0, 21.0, 8.0, 13.0, 5.0, 21.0, 12.0, 25.0, 21.0, 21.0, 16.0, 13.0, 11.0, 17.0, 11.0, 16.0, 14.0, 15.0, 21.0, 8.0, 19.0, 14.0, 16.0, 21.0, 22.0, 21.0, 9.0, 11.0, 18.0, 19.0, 13.0, 9.0, 10.0, 15.0, 20.0, 9.0, 10.0, 24.0, 15.0, 18.0, 17.0, 32.0, 9.0, 13.0, 16.0, 23.0, 22.0, 16.0, 15.0, 20.0, 20.0, 14.0, 1.0, 16.0, 18.0, 8.0, 14.0, 13.0, 15.0, 16.0, 13.0, 16.0, 18.0, 17.0, 12.0, 10.0, 17.0, 18.0, 18.0, 28.0, 23.0, 14.0, 15.0, 13.0, 19.0, 10.0, 9.0, 12.0, 15.0, 17.0, 22.0, 18.0, 2.0, 26.0, 12.0, 13.0, 15.0, 8.0, 10.0, 19.0, 20.0, 24.0, 10.0, 16.0, 9.0, 16.0, 13.0, 16.0, 10.0, 13.0, 16.0, 14.0, 18.0, 18.0, 20.0, 19.0, 20.0, 15.0, 3.0, 15.0, 10.0, 9.0, 11.0, 12.0, 11.0, 15.0, 25.0, 24.0, 23.0, 17.0, 13.0, 14.0, 7.0, 12.0, 5.0, 13.0, 15.0, 7.0, 11.0, 22.0, 19.0, 9.0, 14.0, 15.0, 14.0, 5.0, 15.0, 14.0, 2.0, 16.0, 4.0, 10.0, 14.0, 13.0, 32.0, 16.0, 10.0, 18.0, 11.0, 14.0, 13.0, 8.0, 25.0, 19.0, 8.0, 9.0, 14.0], "policy_player_2_reward": [2.0, 8.0, 12.0, 2.0, 5.0, 16.0, 7.0, 5.0, 21.0, 10.0, 16.0, 14.0, 6.0, 13.0, 14.0, 10.0, 8.0, 15.0, 13.0, 8.0, 7.0, 15.0, 13.0, 12.0, 11.0, 8.0, 13.0, 13.0, 10.0, 14.0, 19.0, 19.0, 12.0, 7.0, 8.0, 20.0, 4.0, 9.0, 12.0, 6.0, 14.0, 15.0, 13.0, 18.0, 10.0, 10.0, 7.0, 7.0, 21.0, 15.0, 16.0, 10.0, 16.0, 8.0, 7.0, 14.0, 19.0, 16.0, 10.0, 8.0, 8.0, 18.0, 18.0, 11.0, 23.0, 25.0, 12.0, 14.0, 13.0, 16.0, 20.0, 9.0, 18.0, 11.0, 11.0, 9.0, 15.0, 13.0, 6.0, 14.0, 15.0, 9.0, 19.0, 16.0, 22.0, 21.0, 8.0, 10.0, 6.0, 1.0, 16.0, 22.0, 11.0, 16.0, 12.0, 7.0, 5.0, 21.0, 14.0, 22.0, 10.0, 8.0, 12.0, 11.0, 6.0, 21.0, 10.0, 4.0, 13.0, 10.0, 17.0, 7.0, 8.0, 8.0, 10.0, 14.0, 18.0, 26.0, 18.0, 11.0, 8.0, 17.0, 15.0, 19.0, 10.0, 10.0, 16.0, 9.0, 15.0, 14.0, 22.0, 19.0, 19.0, 14.0, 19.0, 3.0, 9.0, 2.0, 5.0, 22.0, 23.0, 18.0, 14.0, 7.0, 22.0, 14.0, 33.0, 7.0, 13.0, 13.0, 20.0, 8.0, 14.0, 12.0, 7.0, 14.0, 12.0, 13.0, 19.0, 17.0, 9.0, 7.0, 10.0, 11.0, 14.0, 17.0, 16.0, 14.0, 17.0, 15.0, 13.0, 10.0, 13.0, 7.0, 7.0, 13.0, 31.0, 7.0, 13.0, 13.0, 13.0, 10.0, 15.0, 10.0, 2.0, 16.0, 11.0, 12.0, 12.0, 6.0, 15.0, 19.0, 10.0, 12.0, 11.0, 20.0, 4.0, 15.0, 10.0, 16.0, 9.0, 20.0, 11.0, 11.0, 10.0, 23.0, 26.0, 6.0, 10.0, 20.0, 11.0, 6.0, 4.0, 13.0, 11.0, 15.0, 15.0, 16.0, 16.0, 11.0, 12.0, 9.0, 15.0, 4.0, 6.0],