{"env_runners": {"episode_reward_max": 154.0, "episode_reward_min": 66.0, "episode_reward_mean": 96.84, "episode_len_mean": 2000.0, "episode_media": {}, "episodes_this_iter": 225, "episodes_timesteps_total": 450000, "policy_reward_min": {"player_0": 1.0, "player_1": 0.0, "player_2": 0.0, "player_3": 5.0, "player_4": 1.0, "player_5": 1.0, "player_6": 2.0}, "policy_reward_max": {"player_0": 36.0, "player_1": 22.0, "player_2": 27.0, "player_3": 53.0, "player_4": 44.0, "player_5": 42.0, "player_6": 47.0}, "policy_reward_mean": {"player_0": 8.933333333333334, "player_1": 8.035555555555556, "player_2": 3.937777777777778, "player_3": 23.164444444444445, "player_4": 15.555555555555555, "player_5": 17.595555555555556, "player_6": 19.61777777777778}, "custom_metrics": {}, "hist_stats": {"episode_reward": [95.0, 78.0, 86.0, 92.0, 66.0, 84.0, 81.0, 83.0, 93.0, 82.0, 93.0, 90.0, 96.0, 87.0, 90.0, 76.0, 82.0, 93.0, 87.0, 83.0, 78.0, 89.0, 113.0, 119.0, 144.0, 125.0, 100.0, 93.0, 111.0, 125.0, 117.0, 104.0, 82.0, 105.0, 84.0, 99.0, 80.0, 101.0, 87.0, 105.0, 86.0, 99.0, 100.0, 108.0, 89.0, 120.0, 101.0, 99.0, 81.0, 113.0, 91.0, 91.0, 95.0, 85.0, 85.0, 128.0, 81.0, 79.0, 84.0, 76.0, 98.0, 88.0, 125.0, 98.0, 91.0, 122.0, 97.0, 86.0, 76.0, 117.0, 76.0, 94.0, 89.0, 89.0, 111.0, 108.0, 93.0, 80.0, 110.0, 77.0, 72.0, 91.0, 86.0, 88.0, 85.0, 90.0, 122.0, 98.0, 78.0, 90.0, 126.0, 99.0, 96.0, 102.0, 85.0, 115.0, 93.0, 88.0, 98.0, 91.0, 111.0, 83.0, 86.0, 86.0, 86.0, 105.0, 98.0, 113.0, 99.0, 119.0, 90.0, 88.0, 85.0, 81.0, 101.0, 110.0, 97.0, 108.0, 134.0, 84.0, 98.0, 89.0, 90.0, 91.0, 87.0, 93.0, 95.0, 81.0, 97.0, 141.0, 106.0, 94.0, 101.0, 100.0, 95.0, 94.0, 101.0, 107.0, 92.0, 100.0, 78.0, 98.0, 109.0, 104.0, 79.0, 126.0, 105.0, 84.0, 97.0, 133.0, 107.0, 89.0, 87.0, 85.0, 144.0, 93.0, 101.0, 87.0, 97.0, 115.0, 83.0, 104.0, 109.0, 95.0, 80.0, 88.0, 128.0, 106.0, 81.0, 73.0, 87.0, 107.0, 88.0, 85.0, 100.0, 104.0, 82.0, 94.0, 96.0, 114.0, 90.0, 123.0, 105.0, 109.0, 94.0, 87.0, 104.0, 96.0, 115.0, 99.0, 92.0, 70.0, 97.0, 84.0, 102.0, 101.0, 98.0, 83.0, 104.0, 97.0, 90.0, 90.0, 101.0, 92.0, 87.0, 85.0, 127.0, 90.0, 122.0, 104.0, 93.0, 114.0, 80.0, 96.0, 95.0, 101.0, 91.0, 107.0, 87.0, 154.0, 92.0, 115.0, 112.0, 90.0, 99.0], "episode_lengths": [2000, 2000, 2000, 2000, 2000, 2000, 2000, 2000, 2000, 2000, 2000, 2000, 2000, 2000, 2000, 2000, 2000, 2000, 2000, 2000, 2000, 2000, 2000, 2000, 2000, 2000, 2000, 2000, 2000, 2000, 2000, 2000, 2000, 2000, 2000, 2000, 2000, 2000, 2000, 2000, 2000, 2000, 2000, 2000, 2000, 2000, 2000, 2000, 2000, 2000, 2000, 2000, 2000, 2000, 2000, 2000, 2000, 2000, 2000, 2000, 2000, 2000, 2000, 2000, 2000, 2000, 2000, 2000, 2000, 2000, 2000, 2000, 2000, 2000, 2000, 2000, 2000, 2000, 2000, 2000, 2000, 2000, 2000, 2000, 2000, 2000, 2000, 2000, 2000, 2000, 2000, 2000, 2000, 2000, 2000, 2000, 2000, 2000, 2000, 2000, 2000, 2000, 2000, 2000, 2000, 2000, 2000, 2000, 2000, 2000, 2000, 2000, 2000, 2000, 2000, 2000, 2000, 2000, 2000, 2000, 2000, 2000, 2000, 2000, 2000, 2000, 2000, 2000, 2000, 2000, 2000, 2000, 2000, 2000, 2000, 2000, 2000, 2000, 2000, 2000, 2000, 2000, 2000, 2000, 2000, 2000, 2000, 2000, 2000, 2000, 2000, 2000, 2000, 2000, 2000, 2000, 2000, 2000, 2000, 2000, 2000, 2000, 2000, 2000, 2000, 2000, 2000, 2000, 2000, 2000, 2000, 2000, 2000, 2000, 2000, 2000, 2000, 2000, 2000, 2000, 2000, 2000, 2000, 2000, 2000, 2000, 2000, 2000, 2000, 2000, 2000, 2000, 2000, 2000, 2000, 2000, 2000, 2000, 2000, 2000, 2000, 2000, 2000, 2000, 2000, 2000, 2000, 2000, 2000, 2000, 2000, 2000, 2000, 2000, 2000, 2000, 2000, 2000, 2000, 2000, 2000, 2000, 2000, 2000, 2000], "policy_player_0_reward": [10.0, 10.0, 6.0, 2.0, 5.0, 8.0, 14.0, 8.0, 10.0, 10.0, 2.0, 7.0, 5.0, 9.0, 13.0, 6.0, 9.0, 16.0, 5.0, 7.0, 8.0, 23.0, 5.0, 8.0, 36.0, 8.0, 12.0, 9.0, 16.0, 6.0, 8.0, 9.0, 7.0, 11.0, 8.0, 11.0, 7.0, 5.0, 6.0, 13.0, 8.0, 7.0, 13.0, 7.0, 10.0, 13.0, 6.0, 5.0, 4.0, 11.0, 7.0, 4.0, 9.0, 6.0, 10.0, 7.0, 10.0, 3.0, 8.0, 7.0, 12.0, 7.0, 8.0, 6.0, 12.0, 1.0, 16.0, 8.0, 3.0, 1.0, 5.0, 10.0, 8.0, 10.0, 5.0, 11.0, 8.0, 12.0, 6.0, 11.0, 7.0, 15.0, 7.0, 6.0, 10.0, 8.0, 7.0, 13.0, 15.0, 5.0, 11.0, 13.0, 10.0, 14.0, 9.0, 13.0, 3.0, 10.0, 5.0, 6.0, 11.0, 5.0, 10.0, 15.0, 11.0, 7.0, 9.0, 8.0, 11.0, 1.0, 10.0, 8.0, 7.0, 4.0, 4.0, 11.0, 5.0, 6.0, 17.0, 4.0, 14.0, 11.0, 10.0, 7.0, 8.0, 13.0, 4.0, 12.0, 3.0, 15.0, 12.0, 7.0, 9.0, 8.0, 8.0, 5.0, 8.0, 11.0, 9.0, 11.0, 4.0, 6.0, 5.0, 6.0, 10.0, 16.0, 9.0, 5.0, 13.0, 22.0, 6.0, 10.0, 8.0, 10.0, 8.0, 10.0, 6.0, 9.0, 8.0, 7.0, 9.0, 13.0, 11.0, 3.0, 6.0, 6.0, 18.0, 2.0, 7.0, 12.0, 11.0, 10.0, 5.0, 9.0, 7.0, 7.0, 11.0, 6.0, 12.0, 9.0, 20.0, 9.0, 11.0, 8.0, 12.0, 7.0, 8.0, 14.0, 6.0, 7.0, 9.0, 6.0, 6.0, 7.0, 11.0, 9.0, 5.0, 8.0, 11.0, 2.0, 5.0, 9.0, 5.0, 14.0, 10.0, 13.0, 8.0, 4.0, 9.0, 13.0, 12.0, 12.0, 11.0, 6.0, 10.0, 8.0, 6.0, 16.0, 13.0, 16.0, 20.0, 8.0, 10.0, 10.0, 5.0], "policy_player_1_reward": [7.0, 10.0, 10.0, 7.0, 8.0, 6.0, 6.0, 5.0, 11.0, 3.0, 5.0, 8.0, 7.0, 11.0, 10.0, 11.0, 12.0, 13.0, 4.0, 9.0, 3.0, 5.0, 5.0, 12.0, 7.0, 17.0, 7.0, 11.0, 9.0, 12.0, 4.0, 9.0, 4.0, 13.0, 4.0, 9.0, 11.0, 2.0, 11.0, 11.0, 7.0, 16.0, 10.0, 7.0, 5.0, 5.0, 4.0, 17.0, 11.0, 2.0, 7.0, 6.0, 7.0, 9.0, 3.0, 12.0, 9.0, 5.0, 9.0, 10.0, 8.0, 11.0, 12.0, 10.0, 7.0, 12.0, 11.0, 6.0, 7.0, 8.0, 3.0, 5.0, 4.0, 9.0, 6.0, 6.0, 7.0, 9.0, 3.0, 5.0, 7.0, 8.0, 7.0, 2.0, 7.0, 7.0, 16.0, 10.0, 8.0, 5.0, 6.0, 1.0, 9.0, 9.0, 12.0, 10.0, 15.0, 16.0, 12.0, 5.0, 2.0, 7.0, 7.0, 2.0, 6.0, 10.0, 9.0, 8.0, 13.0, 6.0, 7.0, 11.0, 11.0, 9.0, 8.0, 12.0, 3.0, 14.0, 3.0, 3.0, 10.0, 5.0, 5.0, 6.0, 8.0, 22.0, 2.0, 1.0, 10.0, 6.0, 3.0, 10.0, 10.0, 10.0, 12.0, 11.0, 13.0, 3.0, 10.0, 2.0, 6.0, 7.0, 6.0, 5.0, 4.0, 7.0, 9.0, 9.0, 7.0, 13.0, 9.0, 3.0, 7.0, 7.0, 5.0, 6.0, 10.0, 8.0, 12.0, 3.0, 3.0, 9.0, 10.0, 3.0, 7.0, 18.0, 2.0, 7.0, 5.0, 5.0, 5.0, 16.0, 5.0, 6.0, 7.0, 12.0, 13.0, 9.0, 8.0, 10.0, 12.0, 13.0, 14.0, 9.0, 9.0, 9.0, 8.0, 4.0, 16.0, 11.0, 12.0, 8.0, 2.0, 2.0, 7.0, 12.0, 9.0, 4.0, 7.0, 7.0, 15.0, 7.0, 8.0, 3.0, 9.0, 8.0, 13.0, 7.0, 0.0, 6.0, 7.0, 6.0, 6.0, 10.0, 8.0, 11.0, 5.0, 15.0, 10.0, 21.0, 3.0, 3.0, 8.0, 9.0, 11.0], "policy_player_2_reward": [18.0, 15.0, 22.0, 27.0, 8.0, 14.0, 9.0, 19.0, 13.0, 20.0, 18.0, 17.0, 13.0, 5.0, 14.0, 18.0, 18.0, 17.0, 11.0, 13.0, 14.0, 0.0, 0.0, 0.0, 6.0, 1.0, 4.0, 0.0, 1.0, 0.0, 2.0, 5.0, 2.0, 0.0, 0.0, 4.0, 0.0, 0.0, 0.0, 2.0, 9.0, 4.0, 7.0, 2.0, 0.0, 3.0, 3.0, 0.0, 1.0, 6.0, 2.0, 1.0, 4.0, 0.0, 2.0, 0.0, 1.0, 5.0, 5.0, 0.0, 9.0, 0.0, 10.0, 0.0, 0.0, 2.0, 0.0, 0.0, 0.0, 1.0, 0.0, 2.0, 2.0, 2.0, 3.0, 0.0, 0.0, 2.0, 1.0, 2.0, 5.0, 0.0, 12.0, 0.0, 3.0, 5.0, 4.0, 0.0, 2.0, 1.0, 9.0, 1.0, 2.0, 11.0, 2.0, 9.0, 1.0, 0.0, 6.0, 0.0, 2.0, 2.0, 1.0, 9.0, 4.0, 5.0, 4.0, 6.0, 0.0, 5.0, 4.0, 4.0, 3.0, 4.0, 0.0, 9.0, 1.0, 3.0, 2.0, 0.0, 0.0, 18.0, 0.0, 0.0, 2.0, 0.0, 6.0, 11.0, 1.0, 5.0, 5.0, 11.0, 0.0, 12.0, 2.0, 1.0, 1.0, 6.0, 6.0, 1.0, 6.0, 0.0, 0.0, 10.0, 1.0, 9.0, 5.0, 8.0, 0.0, 0.0, 0.0, 1.0, 5.0, 5.0, 0.0, 0.0, 3.0, 0.0, 1.0, 0.0, 0.0, 1.0, 5.0, 1.0, 1.0, 0.0, 7.0, 9.0, 8.0, 1.0, 4.0, 0.0, 1.0, 1.0, 3.0, 0.0, 0.0, 1.0, 1.0, 3.0, 0.0, 4.0, 3.0, 1.0, 0.0, 2.0, 10.0, 3.0, 7.0, 0.0, 1.0, 6.0, 11.0, 7.0, 0.0, 2.0, 0.0, 4.0, 0.0, 0.0, 1.0, 0.0, 0.0, 0.0, 5.0, 4.0, 5.0, 4.0, 5.0, 0.0, 4.0, 7.0, 0.0, 1.0, 0.0, 0.0, 0.0, 0.0, 0.0, 8.0, 5.0, 0.0, 0.0, 4.0, 1.0],